{"loss": [0.5935696959495544, 0.5741667747497559, 0.5731018781661987, 0.5755034685134888, 0.5705786943435669, 0.5639083981513977, 0.5580627918243408, 0.5433746576309204, 0.5131036043167114, 0.402129203081131, 0.3255172073841095, 0.2834048569202423, 0.28845059871673584, 0.2577287554740906, 0.26126259565353394, 0.25596773624420166, 0.23920531570911407, 0.22445495426654816, 0.22167430818080902, 0.21048212051391602, 0.21768546104431152, 0.19145958125591278, 0.19325990974903107, 0.18056342005729675, 0.18408077955245972, 0.17631764709949493, 0.17304523289203644, 0.16989563405513763, 0.18217934668064117, 0.17914347350597382], "accuracy": [0.7432072162628174, 0.750133216381073, 0.750133216381073, 0.750133216381073, 0.750133216381073, 0.750133216381073, 0.750133216381073, 0.750133216381073, 0.750133216381073, 0.7868939638137817, 0.8516249060630798, 0.8785295486450195, 0.8694725632667542, 0.8891848921775818, 0.8899840116500854, 0.8942461609840393, 0.897975504398346, 0.9070324897766113, 0.9118273854255676, 0.9088971614837646, 0.9118273854255676, 0.9216835498809814, 0.923814594745636, 0.9272775650024414, 0.9299414157867432, 0.9331380128860474, 0.9331380128860474, 0.9344698786735535, 0.9280767440795898, 0.9307405352592468], "val_loss": [0.6785595417022705, 0.671052873134613, 0.6648099422454834, 0.6553186774253845, 0.6520931720733643, 0.6474484801292419, 0.6348286271095276, 0.620938241481781, 0.5402410626411438, 0.42827534675598145, 0.32898175716400146, 0.2665310800075531, 0.2772369086742401, 0.2392939329147339, 0.22280186414718628, 0.2386886328458786, 0.2500000298023224, 0.19581621885299683, 0.21598945558071136, 0.21678881347179413, 0.218516543507576, 0.2265351265668869, 0.1765449196100235, 0.16571232676506042, 0.17683587968349457, 0.17483587563037872, 0.15034133195877075, 0.18238811194896698, 0.1507868766784668, 0.17363430559635162], "val_accuracy": [0.7224880456924438, 0.7224880456924438, 0.7224880456924438, 0.7224880456924438, 0.7224880456924438, 0.7224880456924438, 0.7224880456924438, 0.7224880456924438, 0.7224880456924438, 0.8779904246330261, 0.9114832282066345, 0.8899521827697754, 0.9114832282066345, 0.9258373379707336, 0.9162679314613342, 0.9186602830886841, 0.89952152967453, 0.9330143332481384, 0.9306219816207886, 0.9186602830886841, 0.9306219816207886, 0.9210526347160339, 0.9449760913848877, 0.9497607946395874, 0.9377990365028381, 0.940191388130188, 0.9473684430122375, 0.9377990365028381, 0.9473684430122375, 0.9473684430122375]}